{
  "global_stats": {
    "n_batches": 4,
    "avg_f1_across_batches": 0.9366576677022193,
    "std_f1_across_batches": 0.018272185206668498,
    "best_overall_batch": "batch_2",
    "best_overall_f1": 0.9522911559494626
  },
  "best_models_per_batch": [
    {
      "batch_name": "batch_1",
      "best_model": "Stacking Ensemble",
      "best_f1": 0.9519213583556747,
      "best_roc_auc": 0.9924135144212135
    },
    {
      "batch_name": "batch_2",
      "best_model": "LightGBM",
      "best_f1": 0.9522911559494626,
      "best_roc_auc": 0.9926059288180652
    },
    {
      "batch_name": "batch_3",
      "best_model": "LightGBM",
      "best_f1": 0.926052332195677,
      "best_roc_auc": 0.9695070385629542
    },
    {
      "batch_name": "batch_4",
      "best_model": "Stacking Ensemble",
      "best_f1": 0.9163658243080626,
      "best_roc_auc": 0.9695075427413589
    }
  ],
  "model_consistency": {
    "0": {
      "avg_f1": 0.9519213583556748,
      "std_f1": NaN,
      "min_f1": 0.9519213583556748,
      "max_f1": 0.9519213583556748,
      "avg_roc_auc": 0.9924135144212136
    },
    "1": {
      "avg_f1": 0.9504950495049505,
      "std_f1": NaN,
      "min_f1": 0.9504950495049505,
      "max_f1": 0.9504950495049505,
      "avg_roc_auc": 0.9925741911859484
    },
    "2": {
      "avg_f1": 0.949865229110512,
      "std_f1": NaN,
      "min_f1": 0.949865229110512,
      "max_f1": 0.949865229110512,
      "avg_roc_auc": 0.9926517977288044
    },
    "3": {
      "avg_f1": 0.945644348452124,
      "std_f1": NaN,
      "min_f1": 0.945644348452124,
      "max_f1": 0.945644348452124,
      "avg_roc_auc": 0.9906917865070768
    },
    "4": {
      "avg_f1": 0.9439149560117304,
      "std_f1": NaN,
      "min_f1": 0.9439149560117304,
      "max_f1": 0.9439149560117304,
      "avg_roc_auc": 0.9904213901472696
    },
    "5": {
      "avg_f1": 0.9433894013383975,
      "std_f1": NaN,
      "min_f1": 0.9433894013383975,
      "max_f1": 0.9433894013383975,
      "avg_roc_auc": 0.9902664558206914
    },
    "6": {
      "avg_f1": 0.8549973180761666,
      "std_f1": NaN,
      "min_f1": 0.8549973180761666,
      "max_f1": 0.8549973180761666,
      "avg_roc_auc": 0.9194398368656947
    },
    "7": {
      "avg_f1": 0.9522911559494626,
      "std_f1": NaN,
      "min_f1": 0.9522911559494626,
      "max_f1": 0.9522911559494626,
      "avg_roc_auc": 0.9926059288180652
    },
    "8": {
      "avg_f1": 0.9515583927900864,
      "std_f1": NaN,
      "min_f1": 0.9515583927900864,
      "max_f1": 0.9515583927900864,
      "avg_roc_auc": 0.992370014812656
    },
    "9": {
      "avg_f1": 0.9507640067911716,
      "std_f1": NaN,
      "min_f1": 0.9507640067911716,
      "max_f1": 0.9507640067911716,
      "avg_roc_auc": 0.992512710176271
    },
    "10": {
      "avg_f1": 0.9455025457288329,
      "std_f1": NaN,
      "min_f1": 0.9455025457288329,
      "max_f1": 0.9455025457288329,
      "avg_roc_auc": 0.9900031159090036
    },
    "11": {
      "avg_f1": 0.943374858437146,
      "std_f1": NaN,
      "min_f1": 0.943374858437146,
      "max_f1": 0.943374858437146,
      "avg_roc_auc": 0.9905289185254452
    },
    "12": {
      "avg_f1": 0.9356046424560088,
      "std_f1": NaN,
      "min_f1": 0.9356046424560088,
      "max_f1": 0.9356046424560088,
      "avg_roc_auc": 0.9889751245660806
    },
    "13": {
      "avg_f1": 0.850352766431489,
      "std_f1": NaN,
      "min_f1": 0.850352766431489,
      "max_f1": 0.850352766431489,
      "avg_roc_auc": 0.927238745760604
    },
    "14": {
      "avg_f1": 0.926052332195677,
      "std_f1": NaN,
      "min_f1": 0.926052332195677,
      "max_f1": 0.926052332195677,
      "avg_roc_auc": 0.9695070385629542
    },
    "15": {
      "avg_f1": 0.9243506493506494,
      "std_f1": NaN,
      "min_f1": 0.9243506493506494,
      "max_f1": 0.9243506493506494,
      "avg_roc_auc": 0.9688407459175328
    },
    "16": {
      "avg_f1": 0.9239556135770236,
      "std_f1": NaN,
      "min_f1": 0.9239556135770236,
      "max_f1": 0.9239556135770236,
      "avg_roc_auc": 0.9675378633695366
    },
    "17": {
      "avg_f1": 0.9212418300653594,
      "std_f1": NaN,
      "min_f1": 0.9212418300653594,
      "max_f1": 0.9212418300653594,
      "avg_roc_auc": 0.9635255702029264
    },
    "18": {
      "avg_f1": 0.9133679428942244,
      "std_f1": NaN,
      "min_f1": 0.9133679428942244,
      "max_f1": 0.9133679428942244,
      "avg_roc_auc": 0.9624345552557164
    },
    "19": {
      "avg_f1": 0.9105478331970565,
      "std_f1": NaN,
      "min_f1": 0.9105478331970565,
      "max_f1": 0.9105478331970565,
      "avg_roc_auc": 0.9557364521392796
    },
    "20": {
      "avg_f1": 0.8293807641633728,
      "std_f1": NaN,
      "min_f1": 0.8293807641633728,
      "max_f1": 0.8293807641633728,
      "avg_roc_auc": 0.8990703490170995
    },
    "21": {
      "avg_f1": 0.9163658243080626,
      "std_f1": NaN,
      "min_f1": 0.9163658243080626,
      "max_f1": 0.9163658243080626,
      "avg_roc_auc": 0.9695075427413588
    },
    "22": {
      "avg_f1": 0.9153661464585834,
      "std_f1": NaN,
      "min_f1": 0.9153661464585834,
      "max_f1": 0.9153661464585834,
      "avg_roc_auc": 0.9676502800579064
    },
    "23": {
      "avg_f1": 0.9147147147147148,
      "std_f1": NaN,
      "min_f1": 0.9147147147147148,
      "max_f1": 0.9147147147147148,
      "avg_roc_auc": 0.9688298202930186
    },
    "24": {
      "avg_f1": 0.9126388471930352,
      "std_f1": NaN,
      "min_f1": 0.9126388471930352,
      "max_f1": 0.9126388471930352,
      "avg_roc_auc": 0.9645029445871892
    },
    "25": {
      "avg_f1": 0.9050746268656716,
      "std_f1": NaN,
      "min_f1": 0.9050746268656716,
      "max_f1": 0.9050746268656716,
      "avg_roc_auc": 0.9587257238934744
    },
    "26": {
      "avg_f1": 0.8974970202622169,
      "std_f1": NaN,
      "min_f1": 0.8974970202622169,
      "max_f1": 0.8974970202622169,
      "avg_roc_auc": 0.9424270674640168
    },
    "27": {
      "avg_f1": 0.8403259885300332,
      "std_f1": NaN,
      "min_f1": 0.8403259885300332,
      "max_f1": 0.8403259885300332,
      "avg_roc_auc": 0.9015085482717762
    }
  },
  "recommendations": {
    "most_stable_model": "N/A",
    "most_stable_std": 0.0,
    "highest_avg_model": "N/A",
    "highest_avg_f1": 0.0
  }
}