{
  "global_stats": {
    "n_batches": 4,
    "avg_f1_across_batches": 0.9096210319461954,
    "std_f1_across_batches": 0.05749576232939491,
    "best_overall_batch": "batch_1",
    "best_overall_f1": 0.9525514771709938
  },
  "best_models_per_batch": [
    {
      "batch_name": "batch_1",
      "best_model": "Stacking Ensemble",
      "best_f1": 0.9525514771709938,
      "best_roc_auc": 0.9920844671396505
    },
    {
      "batch_name": "batch_2",
      "best_model": "LightGBM",
      "best_f1": 0.952219074598678,
      "best_roc_auc": 0.9925503799531119
    },
    {
      "batch_name": "batch_3",
      "best_model": "XGBoost",
      "best_f1": 0.9029269319856812,
      "best_roc_auc": 0.9606704775515065
    },
    {
      "batch_name": "batch_4",
      "best_model": "LightGBM",
      "best_f1": 0.8307866440294284,
      "best_roc_auc": 0.9368556733752813
    }
  ],
  "model_consistency": {
    "0": {
      "avg_f1": 0.9525514771709938,
      "std_f1": NaN,
      "min_f1": 0.9525514771709938,
      "max_f1": 0.9525514771709938,
      "avg_roc_auc": 0.9920844671396504
    },
    "1": {
      "avg_f1": 0.9516100017988848,
      "std_f1": NaN,
      "min_f1": 0.9516100017988848,
      "max_f1": 0.9516100017988848,
      "avg_roc_auc": 0.9927845985801572
    },
    "2": {
      "avg_f1": 0.9502246181491464,
      "std_f1": NaN,
      "min_f1": 0.9502246181491464,
      "max_f1": 0.9502246181491464,
      "avg_roc_auc": 0.9924562203205152
    },
    "3": {
      "avg_f1": 0.942021181116496,
      "std_f1": NaN,
      "min_f1": 0.942021181116496,
      "max_f1": 0.942021181116496,
      "avg_roc_auc": 0.989029211281137
    },
    "4": {
      "avg_f1": 0.9401402121157648,
      "std_f1": NaN,
      "min_f1": 0.9401402121157648,
      "max_f1": 0.9401402121157648,
      "avg_roc_auc": 0.9898722346536408
    },
    "5": {
      "avg_f1": 0.9400653832183072,
      "std_f1": NaN,
      "min_f1": 0.9400653832183072,
      "max_f1": 0.9400653832183072,
      "avg_roc_auc": 0.9888755034947476
    },
    "6": {
      "avg_f1": 0.8548473486877344,
      "std_f1": NaN,
      "min_f1": 0.8548473486877344,
      "max_f1": 0.8548473486877344,
      "avg_roc_auc": 0.9195684005782134
    },
    "7": {
      "avg_f1": 0.952219074598678,
      "std_f1": NaN,
      "min_f1": 0.952219074598678,
      "max_f1": 0.952219074598678,
      "avg_roc_auc": 0.992550379953112
    },
    "8": {
      "avg_f1": 0.9519140109372054,
      "std_f1": NaN,
      "min_f1": 0.9519140109372054,
      "max_f1": 0.9519140109372054,
      "avg_roc_auc": 0.9929093110805032
    },
    "9": {
      "avg_f1": 0.9494645876385496,
      "std_f1": NaN,
      "min_f1": 0.9494645876385496,
      "max_f1": 0.9494645876385496,
      "avg_roc_auc": 0.9919052709688252
    },
    "10": {
      "avg_f1": 0.9416904083570752,
      "std_f1": NaN,
      "min_f1": 0.9416904083570752,
      "max_f1": 0.9416904083570752,
      "avg_roc_auc": 0.9897388652356424
    },
    "11": {
      "avg_f1": 0.940733772342427,
      "std_f1": NaN,
      "min_f1": 0.940733772342427,
      "max_f1": 0.940733772342427,
      "avg_roc_auc": 0.9893861186984788
    },
    "12": {
      "avg_f1": 0.939808738046128,
      "std_f1": NaN,
      "min_f1": 0.939808738046128,
      "max_f1": 0.939808738046128,
      "avg_roc_auc": 0.9894059656107546
    },
    "13": {
      "avg_f1": 0.8504083147735709,
      "std_f1": NaN,
      "min_f1": 0.8504083147735709,
      "max_f1": 0.8504083147735709,
      "avg_roc_auc": 0.9272553879306712
    },
    "14": {
      "avg_f1": 0.9029269319856812,
      "std_f1": NaN,
      "min_f1": 0.9029269319856812,
      "max_f1": 0.9029269319856812,
      "avg_roc_auc": 0.9606704775515064
    },
    "15": {
      "avg_f1": 0.9020596889449348,
      "std_f1": NaN,
      "min_f1": 0.9020596889449348,
      "max_f1": 0.9020596889449348,
      "avg_roc_auc": 0.9628335941974742
    },
    "16": {
      "avg_f1": 0.8998093624232154,
      "std_f1": NaN,
      "min_f1": 0.8998093624232154,
      "max_f1": 0.8998093624232154,
      "avg_roc_auc": 0.960565328509237
    },
    "17": {
      "avg_f1": 0.894370651486401,
      "std_f1": NaN,
      "min_f1": 0.894370651486401,
      "max_f1": 0.894370651486401,
      "avg_roc_auc": 0.9571537737400546
    },
    "18": {
      "avg_f1": 0.8900083963056256,
      "std_f1": NaN,
      "min_f1": 0.8900083963056256,
      "max_f1": 0.8900083963056256,
      "avg_roc_auc": 0.956036535629694
    },
    "19": {
      "avg_f1": 0.8864027538726333,
      "std_f1": NaN,
      "min_f1": 0.8864027538726333,
      "max_f1": 0.8864027538726333,
      "avg_roc_auc": 0.9561719888622352
    },
    "20": {
      "avg_f1": 0.8042974510216979,
      "std_f1": NaN,
      "min_f1": 0.8042974510216979,
      "max_f1": 0.8042974510216979,
      "avg_roc_auc": 0.894441349045672
    },
    "21": {
      "avg_f1": 0.8307866440294284,
      "std_f1": NaN,
      "min_f1": 0.8307866440294284,
      "max_f1": 0.8307866440294284,
      "avg_roc_auc": 0.9368556733752812
    },
    "22": {
      "avg_f1": 0.8277841561423651,
      "std_f1": NaN,
      "min_f1": 0.8277841561423651,
      "max_f1": 0.8277841561423651,
      "avg_roc_auc": 0.938003717415482
    },
    "23": {
      "avg_f1": 0.8245315161839863,
      "std_f1": NaN,
      "min_f1": 0.8245315161839863,
      "max_f1": 0.8245315161839863,
      "avg_roc_auc": 0.9372286210521504
    },
    "24": {
      "avg_f1": 0.819634703196347,
      "std_f1": NaN,
      "min_f1": 0.819634703196347,
      "max_f1": 0.819634703196347,
      "avg_roc_auc": 0.9374266800737387
    },
    "25": {
      "avg_f1": 0.8177727784026997,
      "std_f1": NaN,
      "min_f1": 0.8177727784026997,
      "max_f1": 0.8177727784026997,
      "avg_roc_auc": 0.9337076775802268
    },
    "26": {
      "avg_f1": 0.7850692354003612,
      "std_f1": NaN,
      "min_f1": 0.7850692354003612,
      "max_f1": 0.7850692354003612,
      "avg_roc_auc": 0.9283915068228792
    },
    "27": {
      "avg_f1": 0.7477876106194691,
      "std_f1": NaN,
      "min_f1": 0.7477876106194691,
      "max_f1": 0.7477876106194691,
      "avg_roc_auc": 0.8932842756372168
    }
  },
  "recommendations": {
    "most_stable_model": "N/A",
    "most_stable_std": 0.0,
    "highest_avg_model": "N/A",
    "highest_avg_f1": 0.0
  }
}